tot2_1	Explore a couple of solution branches (Tree-of-Thought), then conclude. A > B, B > C. Final answer: ?	A
tot2_2	Consider two paths before deciding. D > E, E > F. Final answer: ?	D
tot3_1	Branch on possible interpretations, then choose. A > B > C > D. Final answer: ?	A
tot3_2	Evaluate multiple reasoning paths, then answer. M > N > O > P. Final answer: ?	M
tot4_1	Explore alternatives (ToT), then give the final letter. A > B > C > D > E.	A
tot4_2	Think in a small tree of options, then commit. K > L > M > N > O.	A	K
totmix_1	Use two branches: If X > Y and Y > Z, who is largest? End with the letter.	X
totmix_2	Branch-and-evaluate: If R > S and S > T, who is largest? End with the letter.	R
tot2_3	Consider two paths. H > I, I > J. Final answer: ?	H
tot2_4	Branch reasoning briefly. P > Q, Q > R. Final answer: ?	P
tot2_5	Explore branches. V > W, W > X. Final answer: ?	V
tot2_6	Try two lines of thought. B > C, C > D. Final answer: ?	B
tot2_7	Check alternatives. L > M, M > N. Final answer: ?	L
tot2_8	Small ToT: T > U, U > V. Final answer: ?	T
tot2_9	Branch, compare, decide. C > D, D > E. Final answer: ?	C
tot2_10	Try two hypotheses. Q > R, R > S. Final answer: ?	Q
tot2_11	Explore briefly. E > F, F > G. Final answer: ?	E
tot2_12	Evaluate two paths. W > X, X > Y. Final answer: ?	W
tot2_13	Branching thought. N > O, O > P. Final answer: ?	N
tot2_14	Two branches. R > S, S > T. Final answer: ?	R
tot2_15	Tree-of-Thought lite. I > J, J > K. Final answer: ?	I
tot3_3	Branch then commit. B > C > D > E. Final answer: ?	B
tot3_4	Try two branches. H > I > J > K. Final answer: ?	H
tot3_5	Explore options. Q > R > S > T. Final answer: ?	Q
tot3_6	Evaluate branches. C > D > E > F. Final answer: ?	C
tot3_7	Compare paths. L > M > N > O. Final answer: ?	L
tot3_8	Branch-and-choose. U > V > W > X. Final answer: ?	U
tot3_9	Two-path check. E > F > G > H. Final answer: ?	E
tot3_10	Branch reasoning. N > O > P > Q. Final answer: ?	N
tot3_11	Explore two options. R > S > T > U. Final answer: ?	R
tot3_12	Consider two routes. I > J > K > L. Final answer: ?	I
tot3_13	Try branches. F > G > H > I. Final answer: ?	F
tot3_14	Branching view. P > Q > R > S. Final answer: ?	P
tot3_15	Two-prong approach. D > E > F > G. Final answer: ?	D
tot4_3	Branch, assess, decide. B > C > D > E > F. Final answer: ?	B
tot4_4	Two-branch analysis. H > I > J > K > L. Final answer: ?	H
tot4_5	Branching options. Q > R > S > T > U. Final answer: ?	Q
tot4_6	Tree small. C > D > E > F > G. Final answer: ?	C
tot4_7	Try a couple branches. L > M > N > O > P. Final answer: ?	L
tot4_8	Branch comparison. U > V > W > X > Y. Final answer: ?	U
tot4_9	Two branches. E > F > G > H > I. Final answer: ?	E
tot4_10	Branch briefly. N > O > P > Q > R. Final answer: ?	N
tot4_11	Compare branches. R > S > T > U > V. Final answer: ?	R
tot4_12	Small ToT. I > J > K > L > M. Final answer: ?	I
tot4_13	Branch-and-decide. F > G > H > I > J. Final answer: ?	F
tot4_14	Two-branch pass. P > Q > R > S > T. Final answer: ?	P
tot4_15	Branch then commit. D > E > F > G > H. Final answer: ?	D
totmix_3	Branch: G > H and H > I. Final answer: ?	G
totmix_4	Branch: A > B and B > C. Final answer: ?	A
totmix_5	Branch: M > N and N > O. Final answer: ?	M
totmix_6	Branch: T > U and U > V. Final answer: ?	T
totmix_7	Branch: C > D and D > E. Final answer: ?	C
totmix_8	Branch: Q > R and R > S. Final answer: ?	Q
totmix_9	Branch: K > L and L > M. Final answer: ?	K
totmix_10	Branch: X > Y and Y > Z. Final answer: ?	X
tot2_16	Two paths. A > C, C > D. Final answer: ?	A
tot2_17	Branch compare. B > D, D > E. Final answer: ?	B
tot2_18	Try branches. G > H, H > J. Final answer: ?	G
tot2_19	Branch lightly. M > O, O > P. Final answer: ?	M
tot2_20	Two routes. S > T, T > U. Final answer: ?	S
tot3_16	Branch. A > C > E > F. Final answer: ?	A
tot3_17	Branches. D > F > G > H. Final answer: ?	D
tot3_18	Branch. J > L > M > N. Final answer: ?	J
tot3_19	Branch. P > R > S > T. Final answer: ?	P
tot3_20	Branch. V > X > Y > Z. Final answer: ?	V
tot4_16	Branch. A > B > D > F > H. Final answer: ?	A
tot4_17	Branch. C > E > G > I > J. Final answer: ?	C
tot4_18	Branch. K > M > O > Q > S. Final answer: ?	K
tot4_19	Branch. T > V > W > X > Y. Final answer: ?	T
tot4_20	Branch. H > I > K > M > N. Final answer: ?	H
tot3_21	Branch. E > G > H > I. Final answer: ?	E
tot3_22	Branch. N > P > Q > R. Final answer: ?	N
tot3_23	Branch. F > H > I > J. Final answer: ?	F
tot3_24	Branch. L > N > O > P. Final answer: ?	L
tot3_25	Branch. S > U > V > W. Final answer: ?	S
tot2_21	Branch. Z > Y, Y > X. Final answer: ?	Z
tot2_22	Branch. Y > X, X > W. Final answer: ?	Y
tot2_23	Branch. R > Q, Q > P. Final answer: ?	R
tot2_24	Branch. K > J, J > I. Final answer: ?	K
tot2_25	Branch. F > E, E > D. Final answer: ?	F
tot4_21	Branch. Z > Y > X > W > V. Final answer: ?	Z
tot4_22	Branch. Y > X > W > V > U. Final answer: ?	Y
tot4_23	Branch. R > Q > P > O > N. Final answer: ?	R
tot4_24	Branch. K > J > I > H > G. Final answer: ?	K
tot4_25	Branch. F > E > D > C > B. Final answer: ?	F
tot3_26	Branch. G > I > K > M. Final answer: ?	G
tot3_27	Branch. A > D > F > H. Final answer: ?	A
tot3_28	Branch. B > E > H > K. Final answer: ?	B
tot3_29	Branch. Q > T > V > X. Final answer: ?	Q
tot3_30	Branch. J > M > P > R. Final answer: ?	J
tot4_26	Branch & decide. A > D > G > J > M. Final answer: ?	A
tot4_27	Branch & decide. C > F > I > L > O. Final answer: ?	C
tot4_28	Branch & decide. E > H > K > N > Q. Final answer: ?	E
tot4_29	Branch & decide. G > J > M > P > S. Final answer: ?	G
tot4_30	Branch & decide. I > L > O > R > U. Final answer: ?	I
